{"max":450,"stockInfluence":[{"name":"Militech","amount":0.27500000596046},{"name":"NN54","amount":-0.34999999403954}],"sharesAmount":60000,"triggers":[{"name":"quest_LocKey#10008","amount":0.15000000596046}],"min":260,"smoothOff":5,"name":"WNS","maxStepSize":2.5}