{"LocKey#12984":{"amount":1,"stocks":[],"name":"LocKey#12984","fade":0.0099999997764826},"LocKey#12542":{"amount":1,"stocks":[],"name":"LocKey#12542","fade":0.014999999664724},"LocKey#10188":{"amount":1,"stocks":[],"name":"LocKey#10188","fade":0.050000000745058},"LocKey#12959":{"amount":1,"stocks":[],"name":"LocKey#12959","fade":0.014999999664724},"LocKey#12237":{"amount":1,"stocks":[],"name":"LocKey#12237","fade":0.050000000745058},"LocKey#12679":{"amount":1,"stocks":[],"name":"LocKey#12679","fade":0.050000000745058},"LocKey#22087":{"amount":1,"stocks":[],"name":"LocKey#22087","fade":0.0099999997764826},"LocKey#1624":{"amount":1,"stocks":[],"name":"LocKey#1624","fade":0.0099999997764826},"LocKey#13051":{"amount":1,"stocks":[],"name":"LocKey#13051","fade":0.050000000745058},"LocKey#18013":{"amount":1,"stocks":[],"name":"LocKey#18013","fade":0.050000000745058},"LocKey#12429":{"amount":1,"stocks":[],"name":"LocKey#12429","fade":0.050000000745058},"LocKey#14557":{"amount":1,"stocks":[],"name":"LocKey#14557","fade":0.05},"LocKey#12509":{"amount":1,"stocks":[],"name":"LocKey#12509","fade":0.050000000745058},"LocKey#12093":{"amount":1,"stocks":[],"name":"LocKey#12093","fade":0.019999999552965},"LocKey#13070":{"amount":1,"stocks":[],"name":"LocKey#13070","fade":0.050000000745058},"LocKey#80441":{"amount":1,"stocks":[],"name":"LocKey#80441","fade":0.014999999664724},"LocKey#8633":{"amount":1,"stocks":[],"name":"LocKey#8633","fade":0.050000000745058},"LocKey#18014":{"amount":1,"stocks":[],"name":"LocKey#18014","fade":0.050000000745058},"LocKey#11976":{"amount":1,"stocks":[],"name":"LocKey#11976","fade":0.05},"LocKey#10273":{"amount":1,"stocks":[],"name":"LocKey#10273","fade":0.050000000745058},"LocKey#12913":{"amount":1,"stocks":[],"name":"LocKey#12913","fade":0.050000000745058},"LocKey#18646":{"amount":1,"stocks":[],"name":"LocKey#18646","fade":0.05},"LocKey#20291":{"amount":1,"stocks":[],"name":"LocKey#20291","fade":0.0099999997764826},"LocKey#9464":{"amount":1,"stocks":[],"name":"LocKey#9464","fade":0.050000000745058},"LocKey#12923":{"amount":1,"stocks":[],"name":"LocKey#12923","fade":0.050000000745058},"LocKey#12739":{"amount":1,"stocks":[],"name":"LocKey#12739","fade":0.050000000745058},"LocKey#9466":{"amount":1,"stocks":[],"name":"LocKey#9466","fade":0.050000000745058},"LocKey#10358":{"amount":1,"stocks":[],"name":"LocKey#10358","fade":0.014999999664724},"LocKey#13100":{"amount":1,"stocks":[],"name":"LocKey#13100","fade":0.0099999997764826},"LocKey#9465":{"amount":1,"stocks":[],"name":"LocKey#9465","fade":0.050000000745058},"LocKey#12041":{"amount":1,"stocks":[],"name":"LocKey#12041","fade":0.050000000745058},"LocKey#1614":{"amount":1,"stocks":[],"name":"LocKey#1614","fade":0.014999999664724},"LocKey#18643":{"amount":1,"stocks":[],"name":"LocKey#18643","fade":0.05},"LocKey#12933":{"amount":1,"stocks":[],"name":"LocKey#12933","fade":0.050000000745058},"LocKey#13059":{"amount":1,"stocks":[],"name":"LocKey#13059","fade":0.050000000745058},"LocKey#9969":{"amount":1,"stocks":[],"name":"LocKey#9969","fade":0.05},"LocKey#19321":{"amount":1,"stocks":[],"name":"LocKey#19321","fade":0.0099999997764826},"LocKey#80434":{"amount":1,"stocks":[],"name":"LocKey#80434","fade":0.050000000745058},"LocKey#18653":{"amount":1,"stocks":[],"name":"LocKey#18653","fade":0.014999999664724},"LocKey#12942":{"amount":1,"stocks":[],"name":"LocKey#12942","fade":0.050000000745058},"LocKey#18644":{"amount":1,"stocks":[],"name":"LocKey#18644","fade":0.05},"LocKey#18648":{"amount":1,"stocks":[],"name":"LocKey#18648","fade":0.019999999552965},"LocKey#10068":{"amount":1,"stocks":[],"name":"LocKey#10068","fade":0.050000000745058},"LocKey#12615":{"amount":1,"stocks":[],"name":"LocKey#12615","fade":0.050000000745058},"LocKey#13003":{"amount":1,"stocks":[],"name":"LocKey#13003","fade":0.050000000745058},"LocKey#10461":{"amount":1,"stocks":[],"name":"LocKey#10461","fade":0.050000000745058},"LocKey#12088":{"amount":1,"stocks":[],"name":"LocKey#12088","fade":0.019999999552965},"LocKey#19331":{"amount":1,"stocks":[],"name":"LocKey#19331","fade":0.014999999664724},"LocKey#12380":{"amount":1,"stocks":[],"name":"LocKey#12380","fade":0.050000000745058},"LocKey#10473":{"amount":1,"stocks":[],"name":"LocKey#10473","fade":0.050000000745058},"LocKey#12906":{"amount":1,"stocks":[],"name":"LocKey#12906","fade":0.050000000745058},"LocKey#8632":{"amount":1,"stocks":[],"name":"LocKey#8632","fade":0.050000000745058},"LocKey#12113":{"amount":1,"stocks":[],"name":"LocKey#12113","fade":0.019999999552965},"LocKey#18011":{"amount":1,"stocks":[],"name":"LocKey#18011","fade":0.050000000745058},"LocKey#10009":{"amount":1,"stocks":[],"name":"LocKey#10009","fade":0.05},"LocKey#18654":{"amount":1,"stocks":[],"name":"LocKey#18654","fade":0.05},"LocKey#12180":{"amount":1,"stocks":[],"name":"LocKey#12180","fade":0.050000000745058},"LocKey#18651":{"amount":1,"stocks":[],"name":"LocKey#18651","fade":0.05},"LocKey#12625":{"amount":1,"stocks":[],"name":"LocKey#12625","fade":0.050000000745058},"LocKey#80430":{"amount":1,"stocks":[],"name":"LocKey#80430","fade":0.014999999664724},"LocKey#12867":{"amount":1,"stocks":[],"name":"LocKey#12867","fade":0.050000000745058},"LocKey#12359":{"amount":1,"stocks":[],"name":"LocKey#12359","fade":0.050000000745058},"LocKey#12967":{"amount":1,"stocks":[],"name":"LocKey#12967","fade":0.050000000745058},"LocKey#12100":{"amount":1,"stocks":[],"name":"LocKey#12100","fade":0.019999999552965},"LocKey#18640":{"amount":1,"stocks":[],"name":"LocKey#18640","fade":0.05},"LocKey#18639":{"amount":1,"stocks":[],"name":"LocKey#18639","fade":0.014999999664724},"LocKey#1620":{"amount":1,"stocks":[],"name":"LocKey#1620","fade":0.0099999997764826},"LocKey#12049":{"amount":1,"stocks":[],"name":"LocKey#12049","fade":0.0099999997764826},"LocKey#12976":{"amount":1,"stocks":[],"name":"LocKey#12976","fade":0.050000000745058},"LocKey#12781":{"amount":1,"stocks":[],"name":"LocKey#12781","fade":0.050000000745058},"LocKey#12437":{"amount":1,"stocks":[],"name":"LocKey#12437","fade":0.050000000745058},"LocKey#12315":{"amount":1,"stocks":[],"name":"LocKey#12315","fade":0.050000000745058},"LocKey#10008":{"amount":1,"stocks":[],"name":"LocKey#10008","fade":0.019999999552965},"LocKey#12061":{"amount":1,"stocks":[],"name":"LocKey#12061","fade":0.050000000745058},"LocKey#12543":{"amount":1,"stocks":[],"name":"LocKey#12543","fade":0.014999999664724},"LocKey#10016":{"amount":1,"stocks":[],"name":"LocKey#10016","fade":0.014999999664724},"LocKey#18645":{"amount":1,"stocks":[],"name":"LocKey#18645","fade":0.05},"LocKey#1625":{"amount":1,"stocks":[],"name":"LocKey#1625","fade":0.012500000186265},"LocKey#1608":{"amount":1,"stocks":[],"name":"LocKey#1608","fade":0.014999999664724},"LocKey#18650":{"amount":1,"stocks":[],"name":"LocKey#18650","fade":0.05},"LocKey#12900":{"amount":1,"stocks":[],"name":"LocKey#12900","fade":0.050000000745058},"LocKey#10479":{"amount":1,"stocks":[],"name":"LocKey#10479","fade":0.050000000745058},"LocKey#50645":{"amount":1,"stocks":[],"name":"LocKey#50645","fade":0.050000000745058},"LocKey#80806":{"amount":1,"stocks":[],"name":"LocKey#80806","fade":0.017500000074506},"LocKey#11946":{"amount":1,"stocks":[],"name":"LocKey#11946","fade":0.050000000745058},"LocKey#10474":{"amount":1,"stocks":[],"name":"LocKey#10474","fade":0.050000000745058},"LocKey#12640":{"amount":1,"stocks":[],"name":"LocKey#12640","fade":0.050000000745058},"LocKey#20282":{"amount":1,"stocks":[],"name":"LocKey#20282","fade":0.0099999997764826},"LocKey#10366":{"amount":1,"stocks":[],"name":"LocKey#10366","fade":0.0099999997764826},"LocKey#17853":{"amount":1,"stocks":[],"name":"LocKey#17853","fade":0.014999999664724},"LocKey#9865":{"amount":1,"stocks":[],"name":"LocKey#9865","fade":0.05},"LocKey#12839":{"amount":1,"stocks":[],"name":"LocKey#12839","fade":0.050000000745058},"LocKey#15038":{"amount":1,"stocks":[],"name":"LocKey#15038","fade":0.05},"LocKey#1618":{"amount":1,"stocks":[],"name":"LocKey#1618","fade":0.0099999997764826},